{"mean": [2153.8499166203446, 334.18677042801556, 705.2618121178432, 6262.627570872707, 5301.469149527516, 9978.869927737633, 2810.372429127293, 2650.241245136187, 2891.3635352973874, 1836.7843246247915, 1538.1045025013896, 6362.298499166203, 4615.095052807115, 2146.544747081712, 12829.553085047248, 1742.5013896609228, 5273.689827682046, 6818.722067815453, 911.1678710394664, 13659.043913285159, 11744.34296831573, 1968.9833240689272, 10236.817120622569, 7377.893274041134, 20847.592551417452, 9580.90772651473, 12355.946637020566, 1821.6375764313507, 9032.339633129517, 13765.336297943302, 6556.620344635909, 4770.953863257365, 638.4530294608115, 14578.85825458588, 11466.163979988884, 7334.519733185103], "std": [970.4468073130346, 141.3731264853332, 242.90679213338535, 885.3209799935406, 2278.5583363816904, 2883.159139264642, 539.3512348837131, 899.6936731790589, 1181.4774416412845, 1103.4981665698856, 1428.5397568049655, 3209.6119595535793, 836.7278683696909, 424.28877817612886, 4286.018928571805, 441.76557418881, 2821.8960070214307, 3712.487964508776, 685.0531029931049, 3325.181016319274, 7116.386664536518, 377.5744768219535, 3358.642475275904, 2187.516935026465, 7785.558727792976, 1413.1287154256452, 1916.8665658523196, 1605.96324014048, 2069.29010277728, 7258.2054652386105, 1227.7933150620484, 1810.5973335822116, 293.3318781893372, 5018.247703734783, 3936.564734817607, 1922.1411943484745]}